feature,importance
feature_263,0.016769041842792817
feature_297,0.01086154337011106
feature_1861,0.009977842254485633
feature_255,0.009527623622439989
feature_252,0.009456774422001315
feature_244,0.009185561990133284
feature_245,0.008774178803631858
feature_248,0.008683122629413006
feature_1859,0.008288283479222279
feature_266,0.008164697855386791
feature_254,0.007957570680760655
feature_253,0.007949143890342887
feature_265,0.006755383869481185
feature_243,0.006637710454674943
feature_249,0.006580310796101958
feature_246,0.006348803788674476
feature_250,0.006274941465231185
feature_429,0.006232647864784851
feature_1696,0.006165484919075484
feature_306,0.006137214832096669
feature_260,0.00600182302545665
feature_251,0.00596716254263317
feature_309,0.005798674201130581
feature_292,0.005734257547879833
feature_240,0.005560078947586813
feature_324,0.005364462412707439
feature_355,0.005345544851888613
feature_1695,0.005307967232687116
feature_621,0.005278478107941018
feature_299,0.005178605477445413
feature_289,0.0051613017590123695
feature_287,0.005154655317114402
feature_247,0.005102159046025579
feature_329,0.005077033444718358
feature_1857,0.005072897703951611
feature_242,0.004917891162916556
feature_437,0.004828222185771601
feature_434,0.00472780718982657
feature_438,0.004654063047971834
feature_318,0.004591266809946886
feature_428,0.0045501576739417435
feature_549,0.004510685272523034
feature_314,0.0044528721251945865
feature_561,0.0044128707720863716
feature_1832,0.004370489725373457
feature_241,0.0041267393995398595
feature_285,0.004041386238422542
feature_259,0.003999883735059524
feature_298,0.003999221930057942
feature_300,0.003934450135074607
feature_1863,0.003930385395865396
feature_1854,0.00391610519064782
feature_480,0.0037924955305931284
feature_418,0.003782972319663225
feature_0,0.0035818716999424572
feature_305,0.0035172667753992585
feature_320,0.003459135212954338
feature_264,0.003437302570816312
feature_295,0.003433271878182318
feature_504,0.003321465155887947
feature_433,0.0032899162377104914
feature_1789,0.003277046992938108
feature_327,0.0032227168371848983
feature_513,0.0031242655627390006
feature_1739,0.003104986846786632
feature_482,0.0031043125760313157
feature_258,0.0030708940204501253
feature_1830,0.003019376791868057
feature_514,0.0029796545020507287
feature_1858,0.002844434121034985
feature_371,0.002828607958388746
feature_1856,0.0028243590066670725
feature_546,0.0027711717381481175
feature_333,0.002758215843201189
feature_316,0.00272639801102582
feature_490,0.0027213222774243834
feature_1737,0.0027112256657339196
feature_128,0.0027058836566994397
feature_412,0.002682918149082801
feature_478,0.00265631703455031
feature_261,0.0026360474239554015
feature_1787,0.002628515318608293
feature_117,0.0025681567788724997
feature_286,0.0025307595903787143
feature_144,0.0025268547342270856
feature_325,0.0025123547475321643
feature_422,0.002472667040002527
feature_439,0.0024621018149345855
feature_481,0.002457612225966269
feature_568,0.0024474702705832873
feature_216,0.0023979214767751453
feature_505,0.0023325800368430706
feature_378,0.002309687076826941
feature_545,0.002293172422990482
feature_310,0.0022823482657971395
feature_431,0.00223378968363279
feature_448,0.0022285952528968618
feature_567,0.0021788209617476166
feature_424,0.0021741613467587836
feature_435,0.002158923178795257
feature_496,0.0021555692740056983
feature_406,0.002150602232564566
feature_464,0.002138678359852042
feature_426,0.0021094570394193522
feature_432,0.0021090611795682463
feature_1860,0.0021046243473227338
feature_146,0.002088757110853667
feature_560,0.002081793940806882
feature_500,0.002043773426836171
feature_462,0.002036793456659221
feature_576,0.0020353675610259437
feature_326,0.0020164713301430983
feature_574,0.002015905113693975
feature_130,0.0020150410414672636
feature_436,0.0020138087270682925
feature_477,0.0020065740119441363
feature_450,0.0020010544692079
feature_1800,0.001978830469484481
feature_559,0.001961317185990859
feature_390,0.0019514780740960001
feature_502,0.0019484478999050097
feature_493,0.0019401998980598189
feature_328,0.0019310414458729762
feature_457,0.0019288803407057859
feature_397,0.001924109145582078
feature_569,0.0019168739572274897
feature_344,0.0019112099302017148
feature_134,0.0019107770126569365
feature_119,0.0019061074516640325
feature_256,0.0019002596022456811
feature_369,0.001899018729125545
feature_420,0.0018980853133338652
feature_118,0.001888147848400334
feature_1751,0.0018602703784720122
feature_1702,0.0018267308255942587
feature_501,0.0018230198448805494
feature_377,0.001779321149239965
feature_133,0.0017679714859961083
feature_366,0.0017489294369086908
feature_311,0.0017361315745057276
feature_578,0.0017031292755205357
feature_380,0.0016966440481433944
feature_451,0.0016924821788124541
feature_556,0.001691913564900125
feature_443,0.0016913258337790198
feature_446,0.0016907954920217176
feature_1692,0.0016814656743580074
feature_555,0.0016801811675136572
feature_323,0.0016797247172491358
feature_440,0.0016774932864682963
feature_129,0.0016690793493188865
feature_257,0.0016632303562340942
feature_536,0.0016424060018328602
feature_554,0.0016156013969701084
feature_135,0.0016099650747137565
feature_404,0.001598798358982856
feature_544,0.0015838519833605489
feature_503,0.0015743669467680745
feature_274,0.001555061020728475
feature_1822,0.0015464904025197363
feature_376,0.0015358824023256408
feature_222,0.0015351282802391212
feature_382,0.0015101211394527717
feature_1760,0.001506124314040073
feature_497,0.0015028857856543795
feature_575,0.0014994748828411199
feature_336,0.0014974689867877037
feature_1728,0.0014882207248071333
feature_476,0.0014869279404905243
feature_488,0.0014847414041810948
feature_386,0.0014823303609142469
feature_370,0.0014749707687384127
feature_417,0.0014684588207652025
feature_469,0.0014651291486756312
feature_368,0.0014368898595534883
feature_460,0.0014349632142489617
feature_116,0.0014314374167724783
feature_394,0.0014228199597418228
feature_150,0.0014217111501855974
feature_339,0.0014161788980504993
feature_331,0.0014086424536036033
feature_321,0.0014042202785860896
feature_387,0.001399214564933237
feature_1711,0.0013924866838474527
feature_456,0.0013880831658581044
feature_498,0.0013792048261581401
feature_454,0.0013778635081143794
feature_472,0.0013751773768349363
feature_220,0.00137045113975719
feature_145,0.001366781641126251
feature_330,0.0013557641734130777
feature_510,0.0013511532033234628
feature_413,0.0013422118246382612
feature_410,0.0013412738545572366
feature_522,0.0013353962774907786
feature_495,0.0013243420560520689
feature_379,0.0013100769623422572
feature_151,0.0012966277869381562
feature_551,0.0012963686294806475
feature_1807,0.001294774917828857
feature_512,0.0012901431890376906
feature_449,0.0012898286941812292
feature_550,0.0012894944897277026
feature_373,0.0012812401042758925
feature_526,0.0012745632187127452
feature_112,0.0012714120225104282
feature_521,0.0012676504132455978
feature_409,0.0012665742625324115
feature_271,0.0012647901307211496
feature_338,0.0012551940367185664
feature_372,0.0012524973888948224
feature_358,0.001240440634932138
feature_515,0.0012352411546573605
feature_115,0.0012258201816133024
feature_312,0.001213214806869138
feature_411,0.0012123541608766103
feature_530,0.001203266396741998
feature_398,0.0011970738236242655
feature_140,0.0011883017941324654
feature_208,0.0011772029461706963
feature_114,0.0011726234464550672
feature_296,0.0011666364168812786
feature_141,0.00116463637942807
feature_374,0.0011614654795196523
feature_558,0.0011591787915049153
feature_212,0.0011591758638438607
feature_367,0.0011510906142313056
feature_147,0.0011467715580751122
feature_375,0.0011411278831532478
feature_363,0.0011386121673133763
feature_209,0.001132283184502769
feature_162,0.0011283198161697215
feature_315,0.0011267225721739822
feature_110,0.0011241070183271458
feature_538,0.001123696979238929
feature_499,0.0011228960633781712
feature_131,0.0011228308716578596
feature_400,0.0011159160103947612
feature_122,0.0011152285169194805
feature_354,0.0011115976290479346
feature_542,0.0011076234090145944
feature_262,0.0011052784471256426
feature_347,0.0011021961744565744
feature_571,0.0010986396394326063
feature_126,0.0010972516815259924
feature_489,0.0010935162225098225
feature_113,0.0010886408196363647
feature_880,0.0010842224334041723
feature_143,0.001083385091137897
feature_1778,0.001081730301626478
feature_342,0.001080863635627366
feature_238,0.0010736078171684215
feature_148,0.0010719582205642568
feature_557,0.0010692396628231636
feature_232,0.001068318191286208
feature_392,0.0010610765144245704
feature_341,0.001057915661843149
feature_475,0.0010566326300565768
feature_511,0.0010555279380316004
feature_534,0.001054954745180798
feature_518,0.0010537037005778629
feature_415,0.0010413507357716011
feature_332,0.0010361930209115081
feature_1818,0.0010286318230215018
feature_127,0.0010276981485902463
feature_506,0.001025348855641657
feature_570,0.001015911261984583
feature_335,0.0010132061710844094
feature_125,0.0010071734983762423
feature_343,0.0010065679263795398
feature_509,0.001001941205829564
feature_563,0.001001726421912369
feature_237,0.000997893219442659
feature_427,0.000992133169278125
feature_359,0.0009875459970218456
feature_453,0.0009852383993395014
feature_391,0.0009819824685880919
feature_577,0.0009790792236412404
feature_523,0.0009787166317484634
feature_361,0.0009774412950363924
feature_483,0.0009730439209098344
feature_229,0.000972366138773294
feature_540,0.0009718808091950368
feature_444,0.0009715906324941914
feature_236,0.000965499167587917
feature_527,0.0009616498200178792
feature_543,0.0009595116065255619
feature_517,0.0009579141587835123
feature_288,0.0009577747853776955
feature_401,0.000957154884722561
feature_353,0.0009562663396550584
feature_461,0.0009561469154020425
feature_337,0.0009532163632934458
feature_149,0.0009528315774177821
feature_1831,0.0009521825796960524
feature_350,0.0009497287776420259
feature_441,0.0009488041889892041
feature_239,0.0009480037699369327
feature_416,0.0009458712476175694
feature_467,0.000944405875768091
feature_179,0.0009442572325990417
feature_161,0.0009433376120432944
feature_227,0.0009412355169214274
feature_516,0.0009410546028678062
feature_533,0.0009410303474587892
feature_539,0.0009408337584121681
feature_528,0.0009407564086742538
feature_524,0.0009402889168236203
feature_351,0.0009356232463108062
feature_139,0.0009353979372249417
feature_207,0.0009351601031410667
feature_109,0.0009328026100016111
feature_221,0.0009318383968968186
feature_565,0.0009306400340023819
feature_393,0.0009296281403135499
feature_399,0.0009295357147175579
feature_445,0.0009284757597895131
feature_519,0.0009259114444878704
feature_365,0.0009203045484023159
feature_223,0.0009184690232713369
feature_486,0.0009178545609160819
feature_137,0.0009167598412754479
feature_541,0.0009166926363182746
feature_215,0.0009163292718240844
feature_396,0.0009132680453851691
feature_184,0.0009119406300993892
feature_408,0.0009117501439005532
feature_389,0.0008982436642467308
feature_385,0.0008979106090944092
feature_167,0.0008960924201311574
feature_346,0.0008934057049008194
feature_362,0.0008882498515765013
feature_165,0.0008867092618838371
feature_381,0.0008863890986770714
feature_352,0.0008830156592910419
feature_235,0.0008826290621745398
feature_360,0.0008821644626186612
feature_529,0.0008809069843178816
feature_158,0.0008791434762524684
feature_419,0.0008786918641440569
feature_345,0.0008779824107860104
feature_188,0.0008765235506971931
feature_231,0.0008753956377653424
feature_230,0.0008746805264197732
feature_132,0.0008719737605246581
feature_520,0.0008704468992033974
feature_403,0.000869221727633996
feature_532,0.0008683745467575304
feature_123,0.0008664632133047567
feature_340,0.0008637473601824371
feature_1765,0.0008628768435774694
feature_219,0.0008616593566516724
feature_564,0.0008599386117984656
feature_234,0.0008592381340305496
feature_120,0.0008573002951508227
feature_290,0.000857155387170962
feature_562,0.0008566600026670158
feature_485,0.0008509468540198567
feature_508,0.0008475286511587128
feature_423,0.0008435152411777054
feature_494,0.0008430771667929833
feature_452,0.0008425059713886425
feature_492,0.0008416906746818942
feature_447,0.0008414736165539636
feature_1824,0.0008406493580218609
feature_395,0.0008381242870038972
feature_213,0.0008352867304393236
feature_442,0.0008322913544830266
feature_185,0.0008309060875783932
feature_1417,0.0008302118122261245
feature_159,0.0008284321977869674
feature_349,0.0008267903241369042
feature_166,0.0008246137708122426
feature_187,0.00082404985570846
feature_1788,0.0008227530478448919
feature_357,0.0008221457904174307
feature_474,0.0008181908552704697
feature_1738,0.000817533091922657
feature_334,0.0008171285776457605
feature_466,0.0008161438830152906
feature_348,0.0008092442964195243
feature_364,0.0008084332787860363
feature_111,0.0008077264114781644
feature_553,0.0008075039326412949
feature_402,0.0008065499990516184
feature_459,0.0008058091006043694
feature_572,0.0008036078929308761
feature_107,0.0007989761860100226
feature_1015,0.000797628120356875
feature_228,0.0007970952093062298
feature_177,0.0007951237937279147
feature_160,0.0007930588634389999
feature_407,0.0007907061665338733
feature_153,0.0007891749168877912
feature_1714,0.0007880099193413912
feature_383,0.0007876465582557752
feature_124,0.0007778833459053011
feature_1567,0.0007765343897275774
feature_226,0.000776504662896854
feature_473,0.0007762510449344408
feature_224,0.000775320292934395
feature_233,0.0007724126439281631
feature_470,0.0007697776317822817
feature_1850,0.000768000477110043
feature_425,0.0007674339984371701
feature_217,0.0007604198505221343
feature_384,0.0007602453365513727
feature_152,0.0007597990303130741
feature_225,0.0007577597664419507
feature_388,0.0007570887411747827
feature_356,0.0007564348566281604
feature_214,0.0007559200834120925
feature_4,0.0007555480095924422
feature_178,0.00075545864156809
feature_168,0.00075420062629502
feature_525,0.0007507311154922082
feature_210,0.0007504884026476267
feature_193,0.0007472812882756416
feature_191,0.0007440815653132255
feature_157,0.0007434152115427007
feature_63,0.0007375368886524263
feature_176,0.0007323472570947455
feature_1811,0.0007315915149769866
feature_5,0.0007310123107286938
feature_405,0.000730886376189107
feature_190,0.0007287488899140536
feature_170,0.0007280443484621717
feature_1809,0.0007252998689031445
feature_194,0.0007249269307505857
feature_1773,0.0007242750800842533
feature_206,0.0007241801407376126
feature_468,0.0007208584897287684
feature_1693,0.0007205270942539619
feature_79,0.0007183704900324881
feature_48,0.0007181793563789021
feature_186,0.0007160606952548855
feature_479,0.0007153387375678868
feature_566,0.0007116469322451792
feature_154,0.0007108226453685503
feature_507,0.0007086870459955387
feature_138,0.0007072228237843609
feature_531,0.0007050247516278231
feature_1853,0.0007029762283529279
feature_421,0.0007020142219862282
feature_1852,0.0007007356570010784
feature_463,0.000699287595467306
feature_173,0.0006972329600832345
feature_189,0.0006954242729673642
feature_455,0.0006951483251143053
feature_175,0.0006924631665574712
feature_537,0.0006822640004539504
feature_155,0.0006803868711726486
feature_181,0.0006747198515726342
feature_471,0.0006741052936870923
feature_547,0.000673567131979467
feature_200,0.0006720089893293125
feature_430,0.0006641843281062258
feature_1467,0.0006630667810874629
feature_211,0.000662595336776367
feature_53,0.0006620645534018208
feature_573,0.0006620069534028661
feature_172,0.0006570834886643294
feature_552,0.0006563816260358897
feature_199,0.000653863434648049
feature_484,0.0006531685394515332
feature_106,0.0006525395797024143
feature_156,0.0006508176020142834
feature_195,0.0006493327696806228
feature_1716,0.0006490021361970809
feature_142,0.0006479334566033862
feature_164,0.0006473705473917682
feature_1840,0.0006464466844217429
feature_78,0.0006438902723936658
feature_1724,0.0006436828704733755
feature_192,0.0006434845152754045
feature_203,0.0006400365558918203
feature_171,0.0006311100803568029
feature_183,0.0006298710245184345
feature_465,0.000628045219646033
feature_163,0.0006247178039369459
feature_202,0.0006240987929943508
feature_1723,0.0006219895480436823
feature_97,0.0006211706554148285
feature_458,0.0006195899976563517
feature_535,0.0006189399880854865
feature_169,0.0006171138777912875
feature_108,0.0006168346008041303
feature_98,0.0006113101359498562
feature_77,0.00061108480239635
feature_95,0.0006079040149604
feature_81,0.0006073670331112161
feature_735,0.000606564879661449
feature_136,0.0006062507472385158
feature_678,0.0006023587692445227
feature_1318,0.0005979998374520409
feature_201,0.0005918865490523533
feature_920,0.0005905558508605206
feature_101,0.0005898199644508498
feature_61,0.0005894759140216934
feature_82,0.0005893698711590032
feature_414,0.0005868517075633228
feature_218,0.0005851328928208219
feature_55,0.0005844211153816115
feature_204,0.0005839447842674755
feature_1763,0.0005797770909357423
feature_180,0.0005791639551016535
feature_57,0.0005723153280247124
feature_182,0.0005721973280689935
feature_99,0.0005721025080670721
feature_1337,0.0005656606871928332
feature_102,0.0005634014497871588
feature_197,0.0005632186665697796
feature_121,0.0005607430277636885
feature_60,0.0005606639815736252
feature_1774,0.0005573603316521574
feature_96,0.0005561479388041566
feature_196,0.000553550850966952
feature_487,0.0005520331467545243
feature_198,0.000550737188555226
feature_94,0.0005473308869796901
feature_174,0.0005423636722340623
feature_879,0.0005414120804088155
feature_92,0.0005384779182972885
feature_1166,0.0005366891468806388
feature_49,0.0005359980454512201
feature_64,0.0005332505049474706
feature_548,0.0005318289011756855
feature_43,0.0005312605315442802
feature_59,0.000530013080940301
feature_105,0.0005284394866857501
feature_104,0.0005259507140577422
feature_205,0.0005246612733330358
feature_54,0.000524200027887227
feature_83,0.0005166206445951185
feature_56,0.0005148671347500594
feature_270,0.000510141849508884
feature_66,0.0005087868810677798
feature_90,0.0005058691193132772
feature_52,0.0005052643384813268
feature_592,0.0004990099969573116
feature_65,0.0004986491791758877
feature_70,0.0004956450720308442
feature_103,0.0004900298060718176
feature_72,0.0004863191743028342
feature_93,0.00048523916618634745
feature_491,0.0004720528409558851
feature_1410,0.00047032550613565206
feature_1077,0.00046590184465790407
feature_47,0.0004634125646909138
feature_75,0.0004609309153652256
feature_100,0.000459320156366979
feature_67,0.00045837117259448244
feature_69,0.0004532812788848
feature_836,0.0004516140962602977
feature_88,0.00045073060813941913
feature_91,0.0004477863364075259
feature_42,0.0004476863103875503
feature_71,0.0004432402792364341
feature_684,0.0004372108889334419
feature_50,0.00043289564291650956
feature_80,0.0004319340092438527
feature_62,0.0004297579528333256
feature_23,0.0004257483695786404
feature_31,0.0004236392646309439
feature_774,0.0004222805823246763
feature_1768,0.00042194876213049294
feature_1718,0.0004210543493334818
feature_68,0.00041963181733701383
feature_32,0.00041640309752486457
feature_76,0.0004148556840940108
feature_85,0.0003984008842857765
feature_86,0.0003954281610066247
feature_1799,0.0003940159618384174
feature_87,0.00039383188151790205
feature_73,0.0003924195001354713
feature_74,0.000391970673640833
feature_1843,0.0003882988238910526
feature_7,0.0003873445202799025
feature_1727,0.0003848899573970049
feature_89,0.0003816359711515928
feature_749,0.00037782361661071854
feature_301,0.0003738428293554408
feature_15,0.00037220633775550193
feature_1841,0.00036857314561359927
feature_1529,0.00036689251989454485
feature_1304,0.0003660924270813943
feature_39,0.0003610453896055202
feature_994,0.0003582323399632958
feature_84,0.0003575969342129372
feature_46,0.0003520823328168024
feature_755,0.00035066148908726146
feature_1780,0.0003493855818904202
feature_1562,0.00034904114396307434
feature_1827,0.00034897727325796274
feature_45,0.0003468420982649701
feature_1808,0.0003454360007572535
feature_58,0.00034459209854798554
feature_33,0.0003438355680960441
feature_12,0.0003395461741652289
feature_1821,0.00033636790540476176
feature_51,0.0003347384460668456
feature_1114,0.0003322791401972683
feature_792,0.0003319848324244489
feature_1730,0.00033041895227694677
feature_3,0.00032620885844562777
feature_1073,0.00032409911306831616
feature_1660,0.00032355551860012915
feature_34,0.00032026921081953347
feature_814,0.00031642603470107206
feature_1825,0.00031393437808509175
feature_37,0.0003131594686591975
feature_1498,0.00031285162205198745
feature_1138,0.00031239650852304176
feature_38,0.0003111284061962266
feature_1050,0.0003097056532707896
feature_36,0.00030790637084950273
feature_860,0.0003056685293966713
feature_1731,0.0003011278621597612
feature_1225,0.00030110223021376627
feature_18,0.0003007525405864337
feature_1525,0.0003005928482590632
feature_1370,0.00030015806086601
feature_44,0.0002978638874032294
feature_319,0.00029769224780829196
feature_1485,0.0002966823023310618
feature_1814,0.0002958908504248421
feature_1246,0.00029461599343014384
feature_1516,0.0002943517056878661
feature_41,0.0002930565317575339
feature_1013,0.0002844251854793195
feature_1855,0.0002830660978830491
feature_647,0.0002815379381766594
feature_308,0.0002795533289400068
feature_16,0.00027928209465135457
feature_1301,0.00027854659258070305
feature_40,0.00027675490700502695
feature_1669,0.00027640680355275334
feature_1797,0.00027587546421353504
feature_1287,0.0002750548454348767
feature_317,0.0002742713133975918
feature_1404,0.0002742172796742987
feature_1164,0.00027372685712121955
feature_1363,0.0002722586536154812
feature_22,0.0002722301381845877
feature_1705,0.00027150144089220567
feature_35,0.0002695598564211046
feature_1307,0.000267838132070627
feature_1578,0.00026629594469587957
feature_1829,0.0002644319433386795
feature_11,0.0002590768348298175
feature_1305,0.00025826199574003396
feature_980,0.00025710057413009065
feature_1803,0.0002568837199731998
feature_756,0.00025510020724896855
feature_27,0.00025495520048829156
feature_2,0.00025435947047043687
feature_1565,0.000253516767391129
feature_1357,0.00025231878980715855
feature_1862,0.00024965422988564744
feature_1742,0.0002491488390908273
feature_1352,0.00024888254002613147
feature_1781,0.0002463677333220107
feature_1479,0.00024596445914021813
feature_708,0.00024500562305957736
feature_1503,0.00024396845705104852
feature_17,0.00024391347199466008
feature_1495,0.00024288499977249755
feature_1208,0.00024286003406656482
feature_1834,0.00024237154193386902
feature_1035,0.0002415826619216282
feature_686,0.00023887867426938939
feature_1761,0.0002386380964090738
feature_1313,0.00023815970247844214
feature_20,0.00023773000953774322
feature_21,0.00023716120907838894
feature_942,0.00023700781615565715
feature_1792,0.00023165294712901695
feature_1819,0.0002272231559521125
feature_785,0.00022622505967828291
feature_1734,0.00022008365023981188
feature_273,0.00021803664073727496
feature_1570,0.00021688509314188932
feature_1009,0.0002162584694331495
feature_1396,0.00021359144557162824
feature_1837,0.00021325423167841684
feature_19,0.00021265460560733807
feature_28,0.00021252147665330577
feature_1371,0.00021185874319442483
feature_6,0.00021011247289373278
feature_1204,0.0002088634206046252
feature_291,0.0002086325739728293
feature_1,0.00020792700859828745
feature_1406,0.0002072529757498409
feature_313,0.00020589244313809225
feature_779,0.0002043104246665093
feature_1541,0.00020376060391380884
feature_1083,0.0002034920632681571
feature_1630,0.00020057800618588276
feature_1652,0.00019904544045500349
feature_1454,0.0001988555504072625
feature_1436,0.0001983627283858546
feature_1143,0.00019786379563548062
feature_1119,0.00019605537763097328
feature_1141,0.00019543307314303637
feature_1328,0.0001953402918642583
feature_1028,0.0001949545896661312
feature_13,0.00019426477528335117
feature_616,0.00019294299159993214
feature_1489,0.00019162294818858954
feature_1230,0.00019102956815867045
feature_1175,0.00018906486377538395
feature_1362,0.0001873629282547211
feature_272,0.00018187441321487028
feature_1569,0.00018038970379720358
feature_752,0.00018013507614527752
feature_1507,0.00017797773055342535
feature_1784,0.0001771378439041344
feature_1399,0.00017647876080632174
feature_24,0.00017551508153501496
feature_1777,0.00017392484785821465
feature_759,0.00017242004304031836
feature_660,0.00017112042500666127
feature_1260,0.00017101850335547587
feature_1547,0.00017035063358510183
feature_812,0.00016991634421147426
feature_1001,0.0001695175145856937
feature_1232,0.00016824142584252231
feature_1264,0.00016750546467553734
feature_1343,0.0001671466119904395
feature_29,0.0001670905112853098
feature_322,0.00016643512480421545
feature_1806,0.00016631628988150607
feature_1665,0.0001656094789244947
feature_796,0.00016436520389818518
feature_835,0.00016287685987655367
feature_719,0.00016215315818101603
feature_817,0.00016139968971155903
feature_1442,0.00016115146946584364
feature_25,0.00016101314075676223
feature_293,0.00015933827711425269
feature_269,0.0001585022654794777
feature_926,0.00015741365374860423
feature_672,0.000156271816718303
feature_1523,0.00015597969543890825
feature_30,0.00015466692044368522
feature_1683,0.00015353014368889854
feature_1473,0.00015319654082490797
feature_14,0.00015219303559387026
feature_896,0.00015193192874867994
feature_1055,0.00015156345069490282
feature_595,0.0001499230394656072
feature_1254,0.00014970502890342678
feature_1238,0.00014946513552417778
feature_1606,0.00014841074394041125
feature_302,0.00014821090270512798
feature_26,0.0001477839515815671
feature_1549,0.0001475494279254276
feature_1600,0.00014751695950762796
feature_1438,0.00014675638717705152
feature_772,0.00014556224530129383
feature_1226,0.00014454935344343034
feature_651,0.0001431842197261598
feature_1712,0.0001414845848263328
feature_1845,0.00014029116900763942
feature_9,0.00013976406692894886
feature_1478,0.00013699308813918087
feature_1599,0.0001363691762924272
feature_1638,0.00013631161686678345
feature_715,0.00013618045171710061
feature_983,0.0001360056171526081
feature_742,0.0001354952805283115
feature_607,0.00013499744269492326
feature_722,0.00013410982080220475
feature_1053,0.00013315075354339783
feature_587,0.00013088995180642206
feature_1191,0.00013076454012903884
feature_951,0.00013040013736541375
feature_1262,0.00012931280185220293
feature_8,0.00012875656494663185
feature_1210,0.0001261272817999784
feature_1455,0.00012516412930214447
feature_1192,0.00012347944766941894
feature_1414,0.00012170443433402113
feature_681,0.00012131351411986584
feature_1117,0.0001212656225869254
feature_978,0.00011911294410850122
feature_1335,0.00011830746407753158
feature_1193,0.00011819658492804058
feature_1560,0.00011783325910518855
feature_1320,0.00011750958219163135
feature_1422,0.00011703560259875419
feature_1161,0.00011622718044500976
feature_1274,0.00011603149642793216
feature_613,0.00011562625654806718
feature_1556,0.00011547635544026632
feature_1838,0.00011491008628522633
feature_1561,0.00011471130646827289
feature_1636,0.00011434599067414168
feature_1292,0.00011373955722122756
feature_1203,0.00011355974162180874
feature_1699,0.00011275243703378815
feature_1130,0.00011258484666874914
feature_1006,0.0001125829910987694
feature_1177,0.00011152961505696847
feature_1618,0.00011123393626860053
feature_697,0.00011091569798501106
feature_833,0.00011086282024541298
feature_1131,0.0001086426632567517
feature_736,0.00010852859942499334
feature_795,0.00010707859865218321
feature_1752,0.00010662293187019814
feature_934,0.00010656735842103752
feature_1358,0.00010578228354468522
feature_1171,0.00010576967890583456
feature_767,0.00010415418156380477
feature_1297,0.00010119717226964712
feature_847,0.00010106214146823607
feature_874,0.00010092440807251493
feature_791,9.96906194048734e-05
feature_670,9.778311029158367e-05
feature_1202,9.777580922327218e-05
feature_1257,9.685902624617609e-05
feature_1219,9.639273201586658e-05
feature_1038,9.639171526703429e-05
feature_1631,9.483500555151744e-05
feature_712,9.453384185899302e-05
feature_1065,9.424299906309771e-05
feature_649,9.419254356222826e-05
feature_868,9.371479499204606e-05
feature_1754,9.353005099487918e-05
feature_1515,9.289625545425874e-05
feature_1200,9.267605398028227e-05
feature_830,9.257316492327038e-05
feature_1623,9.107243687467764e-05
feature_771,8.97959058609887e-05
feature_1220,8.958600692788348e-05
feature_1848,8.953653347690179e-05
feature_1162,8.949985835225068e-05
feature_1242,8.892284400160974e-05
feature_1206,8.780979288050943e-05
feature_1366,8.72520274122103e-05
feature_10,8.704507349642611e-05
feature_1643,8.68055648657363e-05
feature_1326,8.546805825854895e-05
feature_867,8.50741783566038e-05
feature_727,8.407190077324452e-05
feature_1137,8.364173940054953e-05
feature_913,8.300483194481844e-05
feature_883,8.287897556829518e-05
feature_1486,8.27799582522124e-05
feature_1135,8.27009233801089e-05
feature_899,8.239938807281632e-05
feature_1393,8.201644019320355e-05
feature_1610,8.181911397195115e-05
feature_1338,8.156192182020993e-05
feature_1460,8.15410794793029e-05
feature_1244,8.059741105399401e-05
feature_1381,8.058212516881945e-05
feature_1190,8.014114178323705e-05
feature_1118,8.00163451023125e-05
feature_1390,8.00017134231964e-05
feature_1123,7.89820364564228e-05
feature_1277,7.774872843279558e-05
feature_1524,7.738146730996706e-05
feature_837,7.73792661871603e-05
feature_802,7.71646415616927e-05
feature_1205,7.694826578568053e-05
feature_945,7.693224049453919e-05
feature_1347,7.662278597901316e-05
feature_1637,7.569395990450152e-05
feature_1707,7.564548737571117e-05
feature_1111,7.561855875782791e-05
feature_1397,7.512656732940322e-05
feature_1540,7.465814953852244e-05
feature_1851,7.457151492106332e-05
feature_1142,7.397383852845834e-05
feature_710,7.393957626764413e-05
feature_988,7.377625851860863e-05
feature_1339,7.372091585388453e-05
feature_1846,7.370821055975975e-05
feature_1477,7.342362054669148e-05
feature_1445,7.243845548692221e-05
feature_1182,7.236751543259041e-05
feature_1279,7.233446807014833e-05
feature_1085,7.17219656378601e-05
feature_1521,7.160620333579744e-05
feature_1613,7.15545646886103e-05
feature_1694,7.12875364724092e-05
feature_1271,7.03955681450359e-05
feature_848,7.013825908329406e-05
feature_1379,6.954867619170749e-05
feature_1796,6.944819850441293e-05
feature_1703,6.839610992710344e-05
feature_873,6.81697869440299e-05
feature_1000,6.776563331266445e-05
feature_1842,6.719971086314232e-05
feature_1368,6.692163651719809e-05
feature_1447,6.685785294094022e-05
feature_1021,6.676239511774131e-05
feature_1389,6.60247069622394e-05
feature_866,6.534150670356036e-05
feature_935,6.532539894258786e-05
feature_894,6.517920232714815e-05
feature_1245,6.515791428801529e-05
feature_1655,6.492086217472646e-05
feature_1158,6.426879790073497e-05
feature_739,6.314916631743595e-05
feature_1518,6.287574073173128e-05
feature_721,6.21793367512326e-05
feature_1697,6.216691579463739e-05
feature_1826,6.211159753044341e-05
feature_1471,6.202977424911695e-05
feature_979,6.181139675282944e-05
feature_931,6.17270419445211e-05
feature_1736,6.131994761357044e-05
feature_619,6.02285010326304e-05
feature_1403,5.98663473977901e-05
feature_902,5.973582014027869e-05
feature_629,5.946103948132254e-05
feature_1420,5.920706896883138e-05
feature_1537,5.851721901814922e-05
feature_1163,5.81361112722387e-05
feature_699,5.8128664636579574e-05
feature_798,5.8124232994647665e-05
feature_652,5.758261792314327e-05
feature_960,5.641114302529553e-05
feature_750,5.60393491745343e-05
feature_1201,5.6009127035485753e-05
feature_1746,5.591592467266356e-05
feature_1616,5.575095274486158e-05
feature_1748,5.572321024114147e-05
feature_1074,5.560220695726528e-05
feature_810,5.517890579529765e-05
feature_982,5.5058160309907093e-05
feature_1317,5.480963701983892e-05
feature_1484,5.473711752257816e-05
feature_1691,5.465962615349999e-05
feature_1187,5.4176081414349144e-05
feature_1439,5.409534416426422e-05
feature_1571,5.36977164917695e-05
feature_1620,5.348635968907102e-05
feature_1710,5.3237214918730584e-05
feature_992,5.3086526099877516e-05
feature_1641,5.305238997226392e-05
feature_1078,5.305176988503057e-05
feature_1079,5.286241070599944e-05
feature_282,5.267844992318452e-05
feature_1548,5.1874259984927736e-05
feature_1816,5.183105064671913e-05
feature_1668,5.178511280764247e-05
feature_811,5.1744817695937936e-05
feature_1295,5.16251261518965e-05
feature_989,5.162406828088233e-05
feature_1195,5.144715527008944e-05
feature_1758,5.1196844762728345e-05
feature_1090,5.093860565286741e-05
feature_1580,5.072768549726436e-05
feature_887,5.060394734885116e-05
feature_1196,5.058310113997177e-05
feature_280,5.0128295285884596e-05
feature_777,5.0064964125958886e-05
feature_1188,4.987506196932629e-05
feature_1380,4.914296022688367e-05
feature_917,4.871215207976395e-05
feature_1068,4.8591702651090445e-05
feature_1016,4.824368956110144e-05
feature_851,4.804886718608721e-05
feature_278,4.803860424709143e-05
feature_683,4.782191542067231e-05
feature_1251,4.779055908406522e-05
feature_1330,4.753810178570167e-05
feature_1602,4.7276702769168434e-05
feature_974,4.724375245245522e-05
feature_773,4.702272139774277e-05
feature_1812,4.6292965076290567e-05
feature_1429,4.5865297340014314e-05
feature_963,4.580443052252233e-05
feature_890,4.5693992431209286e-05
feature_276,4.552191255405569e-05
feature_283,4.547796544584525e-05
feature_731,4.544494109100146e-05
feature_1661,4.5288645881144646e-05
feature_1672,4.528432536371435e-05
feature_1458,4.522538372791441e-05
feature_1355,4.5072909478954134e-05
feature_1805,4.5023559895538894e-05
feature_1514,4.486671529802227e-05
feature_984,4.4854200075962655e-05
feature_1433,4.4747267729182164e-05
feature_906,4.440184285885046e-05
feature_1080,4.405853676132884e-05
feature_1125,4.396795759789665e-05
feature_1278,4.392478288534385e-05
feature_959,4.3838637983530753e-05
feature_1047,4.360589660438569e-05
feature_1309,4.3065518964724074e-05
feature_1629,4.297880940547959e-05
feature_1405,4.280321104438102e-05
feature_706,4.274730656186867e-05
feature_1266,4.23286512163373e-05
feature_1756,4.19561668533416e-05
feature_637,4.1812343770309086e-05
feature_1040,4.167521856591349e-05
feature_834,4.1656328156624855e-05
feature_284,4.152890780978997e-05
feature_924,4.143948555455793e-05
feature_1732,4.11062704855158e-05
feature_1815,4.1052164870463235e-05
feature_702,4.082519634617412e-05
feature_781,4.044864041384143e-05
feature_1532,4.04450427454636e-05
feature_1034,4.017230598964892e-05
feature_1607,3.99748534229021e-05
feature_277,3.9855053469281564e-05
feature_1069,3.971406696599109e-05
feature_1664,3.967269713824342e-05
feature_1536,3.958455108634114e-05
feature_991,3.920221171631924e-05
feature_853,3.899244946427271e-05
feature_673,3.885559169286768e-05
feature_1049,3.884295567359897e-05
feature_1012,3.8723943296043275e-05
feature_869,3.8464786286841236e-05
feature_725,3.8331333148453136e-05
feature_1588,3.8239142822877004e-05
feature_1087,3.789595556480951e-05
feature_933,3.764963904554975e-05
feature_1745,3.76051039664047e-05
feature_1466,3.7400024887950046e-05
feature_1248,3.739687450527631e-05
feature_820,3.714201015001556e-05
feature_923,3.7114615711885425e-05
feature_1392,3.7053149849867e-05
feature_953,3.631082483103964e-05
feature_1579,3.614434555933771e-05
feature_1214,3.588988144163596e-05
feature_1459,3.58172838796902e-05
feature_1801,3.5634806372839166e-05
feature_1497,3.544185200446106e-05
feature_275,3.5332326352012e-05
feature_1145,3.5127390261341903e-05
feature_1688,3.509389886230189e-05
feature_1303,3.5054651269630504e-05
feature_694,3.496964449254832e-05
feature_1717,3.487752030888596e-05
feature_1657,3.4781981463740105e-05
feature_709,3.477026380542595e-05
feature_1115,3.4727728165242046e-05
feature_898,3.469379818874898e-05
feature_1650,3.4564325164426e-05
feature_858,3.437625130937061e-05
feature_1033,3.424122446720494e-05
feature_1658,3.42295133952092e-05
feature_1604,3.4176097862079266e-05
feature_1595,3.416755426035386e-05
feature_615,3.414024700988389e-05
feature_877,3.381399175807931e-05
feature_1086,3.370139270493528e-05
feature_770,3.363357768983837e-05
feature_831,3.356407054841841e-05
feature_1104,3.3411001977655353e-05
feature_1322,3.314069794834548e-05
feature_1044,3.3121489843445534e-05
feature_1045,3.306111660626149e-05
feature_949,3.299497022283412e-05
feature_912,3.2936564831354246e-05
feature_1099,3.2868097433401785e-05
feature_1542,3.235849199058478e-05
feature_1267,3.2348730771781415e-05
feature_1082,3.226790968270517e-05
feature_1165,3.21599410799321e-05
feature_952,3.203918878695727e-05
feature_307,3.2020036182677265e-05
feature_1132,3.184970951824023e-05
feature_1418,3.1820134191782744e-05
feature_807,3.179643237428103e-05
feature_1091,3.176620075888646e-05
feature_279,3.171997491305568e-05
feature_1576,3.160882066033904e-05
feature_1769,3.156755597835648e-05
feature_1719,3.11470864398087e-05
feature_1500,3.0955310202820046e-05
feature_1786,3.074927998061634e-05
feature_1640,3.058985194642902e-05
feature_823,3.053231663138772e-05
feature_1443,3.0136737522409515e-05
feature_1709,2.9994419906794815e-05
feature_728,2.987944154488546e-05
feature_1046,2.9737265518882424e-05
feature_977,2.9495273928140744e-05
feature_1332,2.936356840013443e-05
feature_1456,2.8822461500968154e-05
feature_667,2.872895354495167e-05
feature_1647,2.8690219041471076e-05
feature_1024,2.8624046157951175e-05
feature_1223,2.859754374685945e-05
feature_937,2.84931948495389e-05
feature_1409,2.8390203905625458e-05
feature_1766,2.838865386150372e-05
feature_1494,2.8253719132888958e-05
feature_1505,2.824600513038605e-05
feature_1036,2.821777635966403e-05
feature_916,2.8073945935733484e-05
feature_1550,2.805467605474853e-05
feature_620,2.800150996098924e-05
feature_698,2.799850200616429e-05
feature_1233,2.7963782305272083e-05
feature_1110,2.7956623697317972e-05
feature_267,2.7908540160390298e-05
feature_1502,2.7873191618440603e-05
feature_754,2.7668032916184674e-05
feature_1026,2.74501633286266e-05
feature_1289,2.7348138401107242e-05
feature_892,2.710246233624924e-05
feature_865,2.7035705897474647e-05
feature_1757,2.6874834823151394e-05
feature_690,2.6862710940437588e-05
feature_1173,2.6831499290138518e-05
feature_281,2.6794181684179435e-05
feature_967,2.678960218001373e-05
feature_675,2.6732994323596777e-05
feature_915,2.6484640588152543e-05
feature_1591,2.648008530429323e-05
feature_1575,2.6473318794366453e-05
feature_809,2.6451762708369482e-05
feature_1159,2.618468163779439e-05
feature_1312,2.616309688248048e-05
feature_590,2.6154281258201415e-05
feature_1154,2.574506856357396e-05
feature_1416,2.568577081072856e-05
feature_1072,2.5471915590260683e-05
feature_1258,2.5267008354708507e-05
feature_579,2.5259390700212773e-05
feature_1096,2.5152157639735957e-05
feature_741,2.5092667077776538e-05
feature_609,2.50268432326474e-05
feature_1302,2.487220976766604e-05
feature_1315,2.473031887316728e-05
feature_1551,2.4675188952291554e-05
feature_669,2.4635791569994275e-05
feature_1506,2.4631283624298494e-05
feature_784,2.4532437208239716e-05
feature_885,2.4503603724354233e-05
feature_1350,2.436140148093699e-05
feature_1603,2.428236151176369e-05
feature_1713,2.3946732973504822e-05
feature_1448,2.358310965092866e-05
feature_875,2.357793022626089e-05
feature_653,2.3571361291006557e-05
feature_928,2.3460487515137823e-05
feature_1440,2.3383299898542875e-05
feature_976,2.3367914081351343e-05
feature_1388,2.33087153637189e-05
feature_605,2.3235884419472398e-05
feature_872,2.31679945717799e-05
feature_740,2.3130308501194477e-05
feature_1793,2.3014563871369204e-05
feature_1387,2.2909257971202485e-05
feature_1670,2.2751690310497058e-05
feature_901,2.2720425769889874e-05
feature_1656,2.2584874046904084e-05
feature_704,2.250746244002326e-05
feature_1107,2.2373827314264043e-05
feature_1844,2.2369897140713175e-05
feature_1071,2.228745277309137e-05
feature_668,2.2271717526984613e-05
feature_654,2.205296553293129e-05
feature_1314,2.2043960101135424e-05
feature_1481,2.197302876433837e-05
feature_1316,2.185301851265899e-05
feature_1059,2.1789537570222827e-05
feature_1474,2.1726871405214203e-05
feature_816,2.164273855215528e-05
feature_845,2.1465846882065484e-05
feature_1592,2.1435171546615194e-05
feature_844,2.1308105071621525e-05
feature_1197,2.1294053595638425e-05
feature_993,2.1130866553204504e-05
feature_1160,2.112123915983631e-05
feature_1667,2.1075823916154494e-05
feature_1762,2.1056749873792543e-05
feature_1759,2.1018592415038304e-05
feature_1457,2.0946816109590066e-05
feature_1517,2.083127428759114e-05
feature_805,2.0716006303896634e-05
feature_839,2.063372248165976e-05
feature_1222,2.0601789188200634e-05
feature_1625,2.0398065102564263e-05
feature_1585,2.0284093022424403e-05
feature_1231,2.0250346295344543e-05
feature_1237,2.013091011913935e-05
feature_1032,1.9997475529242196e-05
feature_1539,1.9908569295080654e-05
feature_1025,1.989391973076074e-05
feature_680,1.9886454918502502e-05
feature_676,1.9823434577509317e-05
feature_1612,1.980612568072487e-05
feature_825,1.980255984363444e-05
feature_1181,1.97233249701951e-05
feature_737,1.959941047325384e-05
feature_965,1.958602667993427e-05
feature_1425,1.9406837447639145e-05
feature_1005,1.9397057166609192e-05
feature_1344,1.9326971726294378e-05
feature_1341,1.9261079885569863e-05
feature_849,1.918750110622184e-05
feature_1361,1.918505815295985e-05
feature_1298,1.916531876346239e-05
feature_999,1.903670544379464e-05
feature_733,1.9029868947805797e-05
feature_808,1.8938959823983996e-05
feature_1510,1.886095570141181e-05
feature_861,1.8702256666954527e-05
feature_1499,1.8665063468445053e-05
feature_1701,1.864087536308711e-05
feature_1530,1.862105890357482e-05
feature_1750,1.8526470930741165e-05
feature_713,1.8471661833354044e-05
feature_787,1.8325361475941493e-05
feature_918,1.8188505803351174e-05
feature_746,1.812987534371299e-05
feature_907,1.808011712168516e-05
feature_1646,1.8058967347089142e-05
feature_1743,1.8014662867384132e-05
feature_1770,1.7905177181061993e-05
feature_1437,1.7863196495021763e-05
feature_1559,1.781767626283829e-05
feature_1468,1.7754849004663244e-05
feature_1708,1.7654746791653677e-05
feature_1749,1.7607452324112806e-05
feature_946,1.7545450122089533e-05
feature_932,1.749924311453394e-05
feature_304,1.7478668352032305e-05
feature_691,1.747043881579001e-05
feature_925,1.7296017479186218e-05
feature_1066,1.7290572049313428e-05
feature_1847,1.727910800185839e-05
feature_846,1.717605812795852e-05
feature_1413,1.71280175311883e-05
feature_641,1.7091371366086662e-05
feature_987,1.70186822457735e-05
feature_1017,1.6980313947239316e-05
feature_891,1.6974186429668883e-05
feature_1014,1.6934809705873796e-05
feature_1367,1.691876415181222e-05
feature_900,1.687417572179961e-05
feature_1764,1.6694546504428307e-05
feature_732,1.6630455924357053e-05
feature_776,1.6627575411887502e-05
feature_1133,1.6606119597916758e-05
feature_1402,1.6605611555462407e-05
feature_1649,1.6536952786314136e-05
feature_957,1.6492843059752537e-05
feature_1106,1.640562795033882e-05
feature_1686,1.6326882477469476e-05
feature_1680,1.629072710491074e-05
feature_1369,1.6197308478714863e-05
feature_1113,1.6062558186372035e-05
feature_1261,1.603886736341583e-05
feature_1296,1.6010911283548788e-05
feature_1216,1.6002668848982723e-05
feature_1835,1.5963956490813693e-05
feature_303,1.5919091524698395e-05
feature_1614,1.58992445482544e-05
feature_903,1.5869754158394723e-05
feature_1509,1.582270130982885e-05
feature_1659,1.580762195592633e-05
feature_986,1.5762202827401097e-05
feature_1153,1.5717294845535552e-05
feature_1828,1.569223647631388e-05
feature_794,1.5607374241686287e-05
feature_1648,1.5592384513926202e-05
feature_1682,1.540206279679529e-05
feature_580,1.536241068988141e-05
feature_1093,1.5238085063725397e-05
feature_905,1.5195613328454499e-05
feature_804,1.5104859856710346e-05
feature_1451,1.5102471116870683e-05
feature_1058,1.5058614098486269e-05
feature_1531,1.4950176271480125e-05
feature_1715,1.4906000082537138e-05
feature_1321,1.4878972639144299e-05
feature_1003,1.4869318840640795e-05
feature_685,1.4832178116287252e-05
feature_790,1.4683983453524126e-05
feature_1209,1.467720380525287e-05
feature_970,1.4649818755370881e-05
feature_1178,1.4631031478389534e-05
feature_1276,1.4380022345448953e-05
feature_909,1.4234344256847438e-05
feature_1329,1.4219226899855213e-05
feature_1221,1.4135995938471312e-05
feature_799,1.4123596163077151e-05
feature_1583,1.4019456076051458e-05
feature_876,1.385738749561945e-05
feature_1401,1.3792592204025358e-05
feature_1120,1.3780967791793088e-05
feature_1492,1.3750105115717363e-05
feature_829,1.3729110063534045e-05
feature_692,1.3728142061330828e-05
feature_677,1.3704264184704897e-05
feature_1472,1.3630061187545968e-05
feature_610,1.3619205850712964e-05
feature_1105,1.354606675813589e-05
feature_1198,1.3477970493840698e-05
feature_1671,1.3448601429347414e-05
feature_1741,1.3423634229119632e-05
feature_1488,1.3410285494926472e-05
feature_1240,1.3406200092597881e-05
feature_1265,1.3312541737800416e-05
feature_707,1.328801627812209e-05
feature_786,1.3273506586399955e-05
feature_930,1.3200420154024591e-05
feature_969,1.3177901480895237e-05
feature_1463,1.3056607825435854e-05
feature_1775,1.3043274870317481e-05
feature_1450,1.3003853331364082e-05
feature_871,1.2842566135081711e-05
feature_1354,1.2760255730100312e-05
feature_778,1.2744811368797482e-05
feature_813,1.2725477152085375e-05
feature_1408,1.2661499519812864e-05
feature_1365,1.2618627559671098e-05
feature_870,1.2557607085327835e-05
feature_1234,1.2554811102032212e-05
feature_294,1.253261395348764e-05
feature_1504,1.2470237328314672e-05
feature_1020,1.2337257005025408e-05
feature_1677,1.2306881278146311e-05
feature_1798,1.2284254808802237e-05
feature_1573,1.2148000875648666e-05
feature_1185,1.2132595919470118e-05
feature_1720,1.2071658492398746e-05
feature_1149,1.2064954095178903e-05
feature_1270,1.2031424020894646e-05
feature_1019,1.1987520064619693e-05
feature_1598,1.1968818340224772e-05
feature_1452,1.1961200698378983e-05
feature_1155,1.1923583716134075e-05
feature_1619,1.1778798574974451e-05
feature_1224,1.1777346676379667e-05
feature_859,1.1769427880229185e-05
feature_1018,1.1671944662955291e-05
feature_1568,1.1577263176729823e-05
feature_840,1.1526733428223281e-05
feature_1112,1.143451509653761e-05
feature_693,1.1412358373840035e-05
feature_1586,1.1408866199683486e-05
feature_788,1.1356603570340628e-05
feature_1167,1.1350675314992755e-05
feature_1212,1.1325488221108365e-05
feature_1673,1.1316500082848693e-05
feature_1545,1.131166193581372e-05
feature_1157,1.1310568004622998e-05
feature_747,1.1214972737740762e-05
feature_1236,1.1206339670817893e-05
feature_1725,1.1175386667238173e-05
feature_826,1.1143258694341613e-05
feature_1308,1.107180557429972e-05
feature_695,1.1045754954160629e-05
feature_841,1.1014794147254223e-05
feature_1241,1.0989454827755571e-05
feature_806,1.0936003927457612e-05
feature_1423,1.0910485098384072e-05
feature_766,1.0869497764166188e-05
feature_793,1.0867724320464331e-05
feature_1740,1.084653345981586e-05
feature_1527,1.0752279860281779e-05
feature_998,1.0748494471303375e-05
feature_1126,1.0648041752328107e-05
feature_1813,1.0600679713689327e-05
feature_1690,1.0522099086092238e-05
feature_1325,1.0479582143019466e-05
feature_729,1.0474350223545167e-05
feature_815,1.0464357107600172e-05
feature_1336,1.0434293482472996e-05
feature_1391,1.0428813030657998e-05
feature_975,1.0376885282824561e-05
feature_1172,1.0338812571388488e-05
feature_1084,1.0331531754398984e-05
feature_1382,1.0316017955141405e-05
feature_1522,1.030308580757538e-05
feature_1432,1.0299535411633265e-05
feature_1802,1.0255230463424138e-05
feature_1644,1.0248307307113212e-05
feature_1833,1.0190785529247632e-05
feature_1700,1.0146595475461638e-05
feature_1056,1.0132214044686354e-05
feature_1374,9.956430512914701e-06
feature_1346,9.944096198378617e-06
feature_1810,9.930392789512733e-06
feature_1075,9.923382502309621e-06
feature_1061,9.922556018808331e-06
feature_646,9.884994861085562e-06
feature_956,9.855770847939224e-06
feature_1247,9.824762828699569e-06
feature_1229,9.79370244158052e-06
feature_838,9.78127391151813e-06
feature_981,9.7511110356086e-06
feature_1535,9.748974157491495e-06
feature_1681,9.71091729268236e-06
feature_1048,9.689588667568621e-06
feature_1348,9.6823382988203e-06
feature_723,9.670763546671535e-06
feature_633,9.664977607857828e-06
feature_1394,9.658536845580031e-06
feature_1704,9.64335771054654e-06
feature_1170,9.585221494601252e-06
feature_1375,9.575520573103281e-06
feature_1431,9.55649705098299e-06
feature_1088,9.555681890146786e-06
feature_1528,9.511277185354343e-06
feature_1081,9.506022780431316e-06
feature_1679,9.489870041422268e-06
feature_1054,9.463698143610933e-06
feature_1194,9.36812515570454e-06
feature_1139,9.356199176253923e-06
feature_701,9.35207161769256e-06
feature_1148,9.312308620876469e-06
feature_821,9.289443319440228e-06
feature_1675,9.281863973036754e-06
feature_878,9.238031728988025e-06
feature_1064,9.213127819576825e-06
feature_1572,9.212982526576926e-06
feature_911,9.20124263571691e-06
feature_1041,9.167773814857711e-06
feature_1334,9.15057679855855e-06
feature_895,9.140224229902679e-06
feature_1533,9.13431067712833e-06
feature_856,9.12671954637694e-06
feature_1235,9.064392584115712e-06
feature_943,9.016584169186284e-06
feature_761,9.007081326365391e-06
feature_1428,8.987719022379011e-06
feature_1574,8.965278129305992e-06
feature_1546,8.916918044147432e-06
feature_1836,8.914080422228777e-06
feature_758,8.880367694962598e-06
feature_966,8.87055725658689e-06
feature_631,8.756122176128283e-06
feature_724,8.745775410948228e-06
feature_1291,8.735598630117663e-06
feature_1342,8.722062634693194e-06
feature_1791,8.629979215502058e-06
feature_1136,8.61702707392169e-06
feature_1273,8.607936224587067e-06
feature_897,8.565404663702509e-06
feature_1465,8.517073326853846e-06
feature_671,8.504420006296939e-06
feature_828,8.454025301005068e-06
feature_1426,8.451916631450445e-06
feature_1790,8.3746756506504e-06
feature_1294,8.343393676863682e-06
feature_1098,8.309559295798097e-06
feature_1684,8.236458505148071e-06
feature_997,8.235978821414263e-06
feature_862,8.233216236578235e-06
feature_1340,8.204915166112191e-06
feature_1470,8.177618396029692e-06
feature_1359,8.15237340485917e-06
feature_1435,8.034002713787367e-06
feature_1795,8.024954996859358e-06
feature_718,7.908618727613718e-06
feature_1189,7.898015519091422e-06
feature_1633,7.879939397173895e-06
feature_1372,7.868133876613712e-06
feature_1817,7.853898670969278e-06
feature_1063,7.811725536745875e-06
feature_764,7.768780247812907e-06
feature_1771,7.732841264772691e-06
feature_666,7.726518710106204e-06
feature_1767,7.7110762279513e-06
feature_973,7.680767325631163e-06
feature_1150,7.657311930224262e-06
feature_1256,7.653917934551445e-06
feature_1364,7.645789544286176e-06
feature_938,7.638722893908313e-06
feature_1180,7.6076011878783935e-06
feature_726,7.578463904130602e-06
feature_1124,7.491657947889738e-06
feature_1121,7.476836938299128e-06
feature_1794,7.475552018363658e-06
feature_1076,7.4246253610077936e-06
feature_843,7.405924427029816e-06
feature_1512,7.349594585890287e-06
feature_687,7.316965687425071e-06
feature_1733,7.235370977637691e-06
feature_1331,7.224740939374008e-06
feature_1259,7.222706934678349e-06
feature_1446,7.132716367729871e-06
feature_801,7.127125812293444e-06
feature_782,7.112683403163317e-06
feature_1496,7.073012386865161e-06
feature_730,6.974743493177373e-06
feature_1057,6.936689180958985e-06
feature_1615,6.884993686936495e-06
feature_1839,6.876505587051232e-06
feature_818,6.828800128326871e-06
feature_908,6.821544988193529e-06
feature_1011,6.80166092566042e-06
feature_962,6.791892677552225e-06
feature_1482,6.791111850618444e-06
feature_1557,6.78712897916815e-06
feature_1353,6.786056092842834e-06
feature_717,6.777722011462e-06
feature_1060,6.758790458385633e-06
feature_748,6.755283265939377e-06
feature_1654,6.747749705664007e-06
feature_1415,6.721705083391762e-06
feature_914,6.692385103806084e-06
feature_863,6.65231364004663e-06
feature_1427,6.61363111787697e-06
feature_1424,6.613410982135555e-06
feature_1721,6.595207161074639e-06
feature_763,6.579243356626106e-06
feature_1140,6.562772330794425e-06
feature_1753,6.549183321489042e-06
feature_1184,6.4917792551819055e-06
feature_1043,6.4727207375510255e-06
feature_950,6.472080020675085e-06
feature_1023,6.453906561580403e-06
feature_1624,6.452614108719425e-06
feature_1384,6.400828568022659e-06
feature_1605,6.37276793157523e-06
feature_689,6.353156395068987e-06
feature_1526,6.337493807887582e-06
feature_1228,6.2759211019887286e-06
feature_1323,6.269100807984473e-06
feature_1386,6.260204944372788e-06
feature_1490,6.2085319842093145e-06
feature_1596,6.095513527695473e-06
feature_734,6.089780275499599e-06
feature_971,6.07539831211353e-06
feature_888,6.039590679963778e-06
feature_1564,6.036057992250445e-06
feature_824,6.028751115994852e-06
feature_769,6.026610964751004e-06
feature_1626,5.989768684881381e-06
feature_1249,5.966342370624431e-06
feature_639,5.933235733464707e-06
feature_1441,5.930022102309987e-06
feature_1584,5.927693901557058e-06
feature_1218,5.9235331245376936e-06
feature_939,5.883956789592501e-06
feature_1597,5.834081762557292e-06
feature_1729,5.829479116560994e-06
feature_1491,5.815235795400217e-06
feature_797,5.808121692415304e-06
feature_893,5.805844812035686e-06
feature_940,5.768975075525593e-06
feature_638,5.72208360605653e-06
feature_1674,5.642887112495343e-06
feature_995,5.623738224319561e-06
feature_1608,5.5588907120061076e-06
feature_1356,5.536177280014478e-06
feature_958,5.467900008448834e-06
feature_1508,5.441218194287412e-06
feature_1476,5.43970693167692e-06
feature_1288,5.439582476062112e-06
feature_1634,5.3900467211273705e-06
feature_674,5.353272122583826e-06
feature_1698,5.329503023300031e-06
feature_1461,5.308933390974676e-06
feature_716,5.2600285969088126e-06
feature_738,5.256037016254374e-06
feature_1030,5.217379764325478e-06
feature_854,5.207220859525504e-06
feature_822,5.205813131363583e-06
feature_1511,5.198420346306577e-06
feature_1152,5.183749892675969e-06
feature_1645,5.1832255433028615e-06
feature_1127,5.138921321344653e-06
feature_827,5.1385059334590404e-06
feature_1823,5.1044387536128225e-06
feature_1722,5.065504931983293e-06
feature_753,5.053260332761723e-06
feature_1310,5.043412503245208e-06
feature_1324,5.028790978176732e-06
feature_696,5.023086883826567e-06
feature_1176,4.992840869294536e-06
feature_1217,4.9883402172086935e-06
feature_1211,4.959745230681976e-06
feature_1411,4.935636996071675e-06
feature_964,4.9302591917483264e-06
feature_1398,4.927790552373536e-06
feature_1582,4.9220274029344905e-06
feature_1453,4.917081568832389e-06
feature_1611,4.898613634652432e-06
feature_882,4.825092511467493e-06
feature_743,4.811545539978443e-06
feature_789,4.762339443413316e-06
feature_1407,4.7224338792271e-06
feature_1097,4.7146802272429455e-06
feature_1147,4.689668393734867e-06
feature_1007,4.677266419064454e-06
feature_1052,4.671102469646063e-06
feature_1747,4.659420945960791e-06
feature_1039,4.647329191966678e-06
feature_1581,4.645232097519773e-06
feature_1480,4.643652480269585e-06
feature_1651,4.626838293362849e-06
feature_1639,4.614850893296595e-06
feature_1400,4.602118021171429e-06
feature_1144,4.588602473321351e-06
feature_711,4.578582446874278e-06
feature_1179,4.5717398443200284e-06
feature_598,4.504836192171069e-06
feature_1519,4.5018215193050814e-06
feature_630,4.490761720055204e-06
feature_1412,4.486452129400215e-06
feature_1239,4.479671738081049e-06
feature_1051,4.463219085211441e-06
feature_1284,4.459348592357396e-06
feature_1621,4.443670867378576e-06
feature_922,4.432164795842114e-06
feature_1376,4.310493330781465e-06
feature_1594,4.295826583185429e-06
feature_1487,4.2924836112292875e-06
feature_1377,4.288037993934056e-06
feature_1311,4.2577054623465504e-06
feature_1617,4.2443841402736535e-06
feature_1253,4.2408757292943675e-06
feature_1483,4.239994381511855e-06
feature_768,4.225652403706024e-06
feature_1207,4.189370569405556e-06
feature_1293,4.16525687571879e-06
feature_1609,4.162594246122306e-06
feature_889,4.160354952781325e-06
feature_929,4.152952165051344e-06
feature_1095,4.144408502889497e-06
feature_1282,4.133583273689153e-06
feature_1776,4.118018963334725e-06
feature_1678,4.1121058714039346e-06
feature_1272,4.108783314270908e-06
feature_720,4.103150723811666e-06
feature_1421,4.100268158814739e-06
feature_1010,4.081880384987014e-06
feature_744,4.077287851604026e-06
feature_1783,4.063572549455843e-06
feature_1306,4.058094914286837e-06
feature_881,4.035267148469566e-06
feature_1094,4.028379029305725e-06
feature_904,4.027003098107679e-06
feature_1285,4.008770682534241e-06
feature_1744,4.006923304180871e-06
feature_1520,3.998587745849047e-06
feature_1689,3.9731960995048315e-06
feature_1092,3.971663505480752e-06
feature_1134,3.9447567101969815e-06
feature_1281,3.942626159136128e-06
feature_1577,3.876421604098839e-06
feature_1275,3.857219158068346e-06
feature_1109,3.8571127599069556e-06
feature_1552,3.852941440029813e-06
feature_1102,3.84442174191008e-06
feature_996,3.819794928173347e-06
feature_705,3.804777477504695e-06
feature_1726,3.800625611004584e-06
feature_855,3.7841392501192146e-06
feature_765,3.7825368668454756e-06
feature_1290,3.752032753679494e-06
feature_1538,3.747516011683956e-06
feature_955,3.74554964778743e-06
feature_760,3.7377689616625297e-06
feature_1299,3.7333166651284908e-06
feature_857,3.716024763335801e-06
feature_1804,3.7147056268936728e-06
feature_864,3.6979341364887405e-06
feature_688,3.695630958319407e-06
feature_1027,3.694137045372519e-06
feature_1785,3.661917183299936e-06
feature_745,3.6579895906214766e-06
feature_1252,3.65399807507655e-06
feature_1622,3.6502737329866685e-06
feature_1199,3.6407206092602444e-06
feature_1385,3.6316514889524073e-06
feature_910,3.6082347820507205e-06
feature_1263,3.600062367132578e-06
feature_1227,3.5771561141304554e-06
feature_1419,3.5241099641604763e-06
feature_842,3.5222578964152302e-06
feature_1351,3.5067285088134306e-06
feature_1685,3.4835382498079423e-06
feature_1319,3.4660094937882717e-06
feature_1116,3.442841131739835e-06
feature_1283,3.3771932470953613e-06
feature_1037,3.372039859435307e-06
feature_919,3.354958272964409e-06
feature_1213,3.350561511894786e-06
feature_1676,3.2780629303202424e-06
feature_1493,3.2690748255438437e-06
feature_775,3.2576356000693376e-06
feature_886,3.246896872330493e-06
feature_1589,3.141468735047847e-06
feature_606,3.1240387384321996e-06
feature_1128,3.1194220932677583e-06
feature_268,3.105547368697981e-06
feature_800,3.0734570374443537e-06
feature_1004,3.0647194241938242e-06
feature_1108,3.0530096452508416e-06
feature_1156,3.0207582083354314e-06
feature_1268,3.002137839288777e-06
feature_1089,2.985044130340664e-06
feature_1183,2.9773998907155576e-06
feature_1031,2.9444032401000973e-06
feature_1513,2.9397462138288732e-06
feature_1587,2.920195051932785e-06
feature_603,2.9019120319444102e-06
feature_819,2.837159608646451e-06
feature_1755,2.817933945185262e-06
feature_1627,2.814129921191027e-06
feature_662,2.7264760957421824e-06
feature_961,2.7161788307506495e-06
feature_936,2.6811261233139913e-06
feature_1779,2.6665027538601903e-06
feature_1566,2.641146963562313e-06
feature_1333,2.6346181279618495e-06
feature_832,2.6198627981905266e-06
feature_850,2.579745892895847e-06
feature_1706,2.5751313925499248e-06
feature_1735,2.5744698928509633e-06
feature_703,2.5705844200239764e-06
feature_1378,2.5458657515479876e-06
feature_1345,2.5300521546744525e-06
feature_1444,2.5276443456054854e-06
feature_644,2.5056182572603036e-06
feature_1501,2.4925784882827887e-06
feature_1327,2.4682980081633233e-06
feature_1300,2.4445447326025556e-06
feature_1062,2.441680506479143e-06
feature_1642,2.4381247813257697e-06
feature_1100,2.435456642062928e-06
feature_762,2.423075300611204e-06
feature_927,2.4150909167196973e-06
feature_1601,2.414883614330162e-06
feature_1122,2.373251460529455e-06
feature_1029,2.357014480588159e-06
feature_600,2.346383078115145e-06
feature_803,2.344330540386995e-06
feature_1820,2.332495976810508e-06
feature_655,2.3272830936378473e-06
feature_1067,2.324164278688602e-06
feature_1553,2.3117274279511882e-06
feature_1255,2.286450368342511e-06
feature_941,2.261241039753732e-06
feature_1395,2.254367922520011e-06
feature_1129,2.253879482644316e-06
feature_1070,2.2536509346456553e-06
feature_1782,2.251577061572086e-06
feature_1269,2.214925199353156e-06
feature_944,2.183425903340263e-06
feature_1101,2.142857047305517e-06
feature_1544,2.1366576571492348e-06
feature_628,2.0565148940428685e-06
feature_597,2.051880919137975e-06
feature_1849,2.0281785201355802e-06
feature_1635,2.0273459830611415e-06
feature_884,2.0183772483825083e-06
feature_1360,1.990206806616399e-06
feature_954,1.9623504499009917e-06
feature_1169,1.9580965173671167e-06
feature_1243,1.928560387252309e-06
feature_1555,1.9247539812906755e-06
feature_1462,1.9122844259601225e-06
feature_1434,1.8982724872744805e-06
feature_921,1.8731710012039628e-06
feature_968,1.8703273555360799e-06
feature_1215,1.8447920293283617e-06
feature_1543,1.8157232178398093e-06
feature_1042,1.8152519689322532e-06
feature_1687,1.8081451391491922e-06
feature_1286,1.806963026749032e-06
feature_1666,1.783025703400661e-06
feature_1449,1.74957374890528e-06
feature_1772,1.742332649992313e-06
feature_602,1.7310736308181213e-06
feature_1002,1.7074429093136314e-06
feature_1469,1.6905226544655964e-06
feature_1558,1.669259386908252e-06
feature_780,1.6505655611604086e-06
feature_1534,1.638541698935977e-06
feature_1632,1.6381175304643863e-06
feature_1663,1.6104308888322106e-06
feature_588,1.5800670280852066e-06
feature_1554,1.5766829363037844e-06
feature_751,1.5651361709399728e-06
feature_1186,1.5636216083839903e-06
feature_947,1.556441100903745e-06
feature_852,1.5445737141480058e-06
feature_1373,1.5336688769287903e-06
feature_1250,1.5284244134382735e-06
feature_783,1.5087912407708176e-06
feature_1590,1.4536439042151321e-06
feature_1628,1.4154278499586936e-06
feature_1653,1.3948221752633943e-06
feature_972,1.3709190774922915e-06
feature_1593,1.3369842308946102e-06
feature_1563,1.3225628983716646e-06
feature_1103,1.3151467400164556e-06
feature_948,1.2947972675889456e-06
feature_1430,1.2867149879706737e-06
feature_601,1.248595049652811e-06
feature_1168,1.243692268124184e-06
feature_1008,1.2207736877885944e-06
feature_1475,1.2183629443296177e-06
feature_1349,1.2068870867668935e-06
feature_682,1.2058690986061966e-06
feature_1174,1.205836059140792e-06
feature_1383,1.1533412242383456e-06
feature_700,1.1185747776478695e-06
feature_714,1.1139300070129346e-06
feature_1022,1.1138081280207456e-06
feature_636,1.0958851528467916e-06
feature_1146,1.067126458775962e-06
feature_632,1.0667202266305076e-06
feature_581,1.0372244275977029e-06
feature_1662,1.0103413687311754e-06
feature_1151,8.894905436188399e-07
feature_757,8.831095427895089e-07
feature_643,8.288195067034427e-07
feature_990,8.159204289472689e-07
feature_679,7.970681773811119e-07
feature_985,7.680918119004373e-07
feature_608,6.874427996683348e-07
feature_627,6.442755064453763e-07
feature_589,5.916401123507841e-07
feature_1280,5.904323253311167e-07
feature_661,5.299790766477837e-07
feature_665,4.866631964667225e-07
feature_1464,4.747348574861486e-07
feature_584,4.744022853602046e-07
feature_626,4.497317002614642e-07
feature_635,4.291018869309878e-07
feature_612,4.0406143542959997e-07
feature_650,4.032521518271837e-07
feature_663,3.308792163301962e-07
feature_593,3.0600829455179255e-07
feature_617,2.493741367644942e-07
feature_582,2.3009095332676107e-07
feature_624,2.0506798787100697e-07
feature_596,1.986657238097668e-07
feature_659,1.3489438656811367e-07
feature_656,1.3201550335500078e-07
feature_594,1.030657031753994e-07
feature_622,9.795033640596305e-08
feature_648,7.789830879889275e-08
feature_634,7.065296841648999e-08
feature_591,4.9732941512208364e-08
feature_664,4.831583205702293e-08
feature_614,4.714169821780925e-08
feature_586,4.372116428975524e-08
feature_640,4.276700218888462e-08
feature_623,3.756860019897212e-08
feature_657,3.612658491676902e-08
feature_585,3.2095733591189116e-08
feature_645,2.0640892728642608e-08
feature_618,0.0
feature_625,0.0
feature_611,0.0
feature_599,0.0
feature_604,0.0
feature_583,0.0
feature_658,0.0
feature_642,0.0

